id;nombre;apellido;email;numero_de_telefono;salario
1;overriding Account bandwidth;Artesanal;MaraElena.Cedillo@gmail.com;Papelería;60312
2;hard Director;Rupiah;Julio.Quiones39@yahoo.com;payment;18312
3;Colegio Madrid;Sorprendente Singapur;Maricarmen.valos@yahoo.com;blockchains eyeballs;99723
4;Comunidad XSS Granito;SSL;Martn_Sols@gmail.com;Avanzado Australian;93195
5;Canarias;enhance demanda;Irene_Matos@yahoo.com;enhance;22851
6;Gris;Guapo Avon Morado;Cristin_Pulido92@gmail.com;deposit;56722
7;Verde Director Producto;colaboración Rioja deliver;Clemente.Rincn@yahoo.com;Teclado Agente;11719
8;Castilla-La platforms;streamline;MarcoAntonio10@gmail.com;Sol Azerbayán payment;76390
9;Genérico payment;Palladium withdrawal;Toms.Crdova46@gmail.com;Sorprendente Subida capa;44359
10;Portugal;alarm encriptar Rojo;Felipe41@yahoo.com;Ladrillo Bedfordshire Account;89074
